{
  "nx": 7,
  "nu": 7,
  "ngI": 7,
  "ngF": 3,
  "ng_ineq": 25,
  "ng_ineqF": 7,
  "n_stage_params": 1,
  "n_global_params": 14,
  "K": 10,
  "stage_params": [
    1.0,
    1.0,
    1.0,
    1.0,
    1.0,
    1.0,
    1.0,
    1.0,
    1.0,
    1.0
  ],
  "global_params": [
    -0.0,
    0.0,
    0.0,
    -1.0,
    1.0,
    0.0,
    0.0,
    0.5,
    0.0,
    0.5,
    0.5,
    0.0,
    0.2,
    0.2
  ],
  "params": [
    1.0,
    1.0,
    1.0,
    1.0,
    1.0,
    1.0,
    1.0,
    1.0,
    1.0,
    1.0
  ],
  "initial_x": [
    0.0,
    0.0,
    0.0,
    -1.5708,
    0.0,
    1.8675,
    0.0,
    0.0,
    0.0,
    0.0,
    -1.5708,
    0.0,
    1.8675,
    0.0,
    0.0,
    0.0,
    0.0,
    -1.5708,
    0.0,
    1.8675,
    0.0,
    0.0,
    0.0,
    0.0,
    -1.5708,
    0.0,
    1.8675,
    0.0,
    0.0,
    0.0,
    0.0,
    -1.5708,
    0.0,
    1.8675,
    0.0,
    0.0,
    0.0,
    0.0,
    -1.5708,
    0.0,
    1.8675,
    0.0,
    0.0,
    0.0,
    0.0,
    -1.5708,
    0.0,
    1.8675,
    0.0,
    0.0,
    0.0,
    0.0,
    -1.5708,
    0.0,
    1.8675,
    0.0,
    0.0,
    0.0,
    0.0,
    -1.5708,
    0.0,
    1.8675,
    0.0,
    0.0,
    0.0,
    0.0,
    -1.5708,
    0.0,
    1.8675,
    0.0
  ],
  "initial_u": [
    0.0,
    0.0,
    0.0,
    0.0,
    0.0,
    0.0,
    0.0,
    0.0,
    0.0,
    0.0,
    0.0,
    0.0,
    0.0,
    0.0,
    0.0,
    0.0,
    0.0,
    0.0,
    0.0,
    0.0,
    0.0,
    0.0,
    0.0,
    0.0,
    0.0,
    0.0,
    0.0,
    0.0,
    0.0,
    0.0,
    0.0,
    0.0,
    0.0,
    0.0,
    0.0,
    0.0,
    0.0,
    0.0,
    0.0,
    0.0,
    0.0,
    0.0,
    0.0,
    0.0,
    0.0,
    0.0,
    0.0,
    0.0,
    0.0,
    0.0,
    0.0,
    0.0,
    0.0,
    0.0,
    0.0,
    0.0,
    0.0,
    0.0,
    0.0,
    0.0,
    0.0,
    0.0,
    0.0
  ],
  "lower": [
    -2.8973,
    -1.7628,
    -2.8973,
    -3.0718,
    -2.8973,
    -0.0175,
    -2.8973,
    -3.141592653589793,
    -3.141592653589793,
    -3.141592653589793,
    -3.141592653589793,
    -3.141592653589793,
    -3.141592653589793,
    -3.141592653589793,
    0.0,
    0.0,
    0.0,
    0.0,
    0.0,
    0.0,
    0.0,
    0.0,
    0.0,
    0.0,
    0.0,
    -2.8973,
    -1.7628,
    -2.8973,
    -3.0718,
    -2.8973,
    -0.0175,
    -2.8973,
    -3.141592653589793,
    -3.141592653589793,
    -3.141592653589793,
    -3.141592653589793,
    -3.141592653589793,
    -3.141592653589793,
    -3.141592653589793,
    0.0,
    0.0,
    0.0,
    0.0,
    0.0,
    0.0,
    0.0,
    0.0,
    0.0,
    0.0,
    0.0,
    -2.8973,
    -1.7628,
    -2.8973,
    -3.0718,
    -2.8973,
    -0.0175,
    -2.8973,
    -3.141592653589793,
    -3.141592653589793,
    -3.141592653589793,
    -3.141592653589793,
    -3.141592653589793,
    -3.141592653589793,
    -3.141592653589793,
    0.0,
    0.0,
    0.0,
    0.0,
    0.0,
    0.0,
    0.0,
    0.0,
    0.0,
    0.0,
    0.0,
    -2.8973,
    -1.7628,
    -2.8973,
    -3.0718,
    -2.8973,
    -0.0175,
    -2.8973,
    -3.141592653589793,
    -3.141592653589793,
    -3.141592653589793,
    -3.141592653589793,
    -3.141592653589793,
    -3.141592653589793,
    -3.141592653589793,
    0.0,
    0.0,
    0.0,
    0.0,
    0.0,
    0.0,
    0.0,
    0.0,
    0.0,
    0.0,
    0.0,
    -2.8973,
    -1.7628,
    -2.8973,
    -3.0718,
    -2.8973,
    -0.0175,
    -2.8973,
    -3.141592653589793,
    -3.141592653589793,
    -3.141592653589793,
    -3.141592653589793,
    -3.141592653589793,
    -3.141592653589793,
    -3.141592653589793,
    0.0,
    0.0,
    0.0,
    0.0,
    0.0,
    0.0,
    0.0,
    0.0,
    0.0,
    0.0,
    0.0,
    -2.8973,
    -1.7628,
    -2.8973,
    -3.0718,
    -2.8973,
    -0.0175,
    -2.8973,
    -3.141592653589793,
    -3.141592653589793,
    -3.141592653589793,
    -3.141592653589793,
    -3.141592653589793,
    -3.141592653589793,
    -3.141592653589793,
    0.0,
    0.0,
    0.0,
    0.0,
    0.0,
    0.0,
    0.0,
    0.0,
    0.0,
    0.0,
    0.0,
    -2.8973,
    -1.7628,
    -2.8973,
    -3.0718,
    -2.8973,
    -0.0175,
    -2.8973,
    -3.141592653589793,
    -3.141592653589793,
    -3.141592653589793,
    -3.141592653589793,
    -3.141592653589793,
    -3.141592653589793,
    -3.141592653589793,
    0.0,
    0.0,
    0.0,
    0.0,
    0.0,
    0.0,
    0.0,
    0.0,
    0.0,
    0.0,
    0.0,
    -2.8973,
    -1.7628,
    -2.8973,
    -3.0718,
    -2.8973,
    -0.0175,
    -2.8973,
    -3.141592653589793,
    -3.141592653589793,
    -3.141592653589793,
    -3.141592653589793,
    -3.141592653589793,
    -3.141592653589793,
    -3.141592653589793,
    0.0,
    0.0,
    0.0,
    0.0,
    0.0,
    0.0,
    0.0,
    0.0,
    0.0,
    0.0,
    0.0,
    -2.8973,
    -1.7628,
    -2.8973,
    -3.0718,
    -2.8973,
    -0.0175,
    -2.8973,
    -3.141592653589793,
    -3.141592653589793,
    -3.141592653589793,
    -3.141592653589793,
    -3.141592653589793,
    -3.141592653589793,
    -3.141592653589793,
    0.0,
    0.0,
    0.0,
    0.0,
    0.0,
    0.0,
    0.0,
    0.0,
    0.0,
    0.0,
    0.0
  ],